Period,Payment,Interest,Principal,ExtraPrincipal,TotalPrincipal,Balance
1,3621.03,937.5,2683.53,0.0,2683.53,372316.47
2,3621.03,930.79,2690.24,0.0,2690.24,369626.23
3,3621.03,924.07,2696.96,0.0,2696.96,366929.27
4,3621.03,917.32,2703.71,0.0,2703.71,364225.56
5,3621.03,910.56,2710.47,0.0,2710.47,361515.09
6,3621.03,903.79,2717.24,0.0,2717.24,358797.85
7,3621.03,896.99,2724.04,0.0,2724.04,356073.81
8,3621.03,890.18,2730.85,0.0,2730.85,353342.96
9,3621.03,883.36,2737.67,0.0,2737.67,350605.29
10,3621.03,876.51,2744.52,0.0,2744.52,347860.77
11,3621.03,869.65,2751.38,0.0,2751.38,345109.39
12,3621.03,862.77,2758.26,0.0,2758.26,342351.13
13,3621.03,855.88,2765.15,0.0,2765.15,339585.98
14,3621.03,848.96,2772.07,0.0,2772.07,336813.91
15,3621.03,842.03,2779.0,0.0,2779.0,334034.91
16,3621.03,835.09,2785.94,0.0,2785.94,331248.97
17,3621.03,828.12,2792.91,0.0,2792.91,328456.06
18,3621.03,821.14,2799.89,0.0,2799.89,325656.17
19,3621.03,814.14,2806.89,0.0,2806.89,322849.28
20,3621.03,807.12,2813.91,0.0,2813.91,320035.37
21,3621.03,800.09,2820.94,0.0,2820.94,317214.43
22,3621.03,793.04,2827.99,0.0,2827.99,314386.44
23,3621.03,785.97,2835.06,0.0,2835.06,311551.38
24,3621.03,778.88,2842.15,0.0,2842.15,308709.23
25,3621.03,771.77,2849.26,0.0,2849.26,305859.97
26,3621.03,764.65,2856.38,0.0,2856.38,303003.59
27,3621.03,757.51,2863.52,0.0,2863.52,300140.07
28,3621.03,750.35,2870.68,0.0,2870.68,297269.39
29,3621.03,743.17,2877.86,0.0,2877.86,294391.53
30,3621.03,735.98,2885.05,0.0,2885.05,291506.48
31,3621.03,728.77,2892.26,0.0,2892.26,288614.22
32,3621.03,721.54,2899.49,0.0,2899.49,285714.73
33,3621.03,714.29,2906.74,0.0,2906.74,282807.99
34,3621.03,707.02,2914.01,0.0,2914.01,279893.98
35,3621.03,699.73,2921.3,0.0,2921.3,276972.68
36,3621.03,692.43,2928.6,0.0,2928.6,274044.08
37,3621.03,685.11,2935.92,0.0,2935.92,271108.16
38,3621.03,677.77,2943.26,0.0,2943.26,268164.9
39,3621.03,670.41,2950.62,0.0,2950.62,265214.28
40,3621.03,663.04,2957.99,0.0,2957.99,262256.29
41,3621.03,655.64,2965.39,0.0,2965.39,259290.9
42,3621.03,648.23,2972.8,0.0,2972.8,256318.1
43,3621.03,640.8,2980.23,0.0,2980.23,253337.87
44,3621.03,633.34,2987.69,0.0,2987.69,250350.18
45,3621.03,625.88,2995.15,0.0,2995.15,247355.03
46,3621.03,618.39,3002.64,0.0,3002.64,244352.39
47,3621.03,610.88,3010.15,0.0,3010.15,241342.24
48,3621.03,603.36,3017.67,0.0,3017.67,238324.57
49,3621.03,595.81,3025.22,0.0,3025.22,235299.35
50,3621.03,588.25,3032.78,0.0,3032.78,232266.57
51,3621.03,580.67,3040.36,0.0,3040.36,229226.21
52,3621.03,573.07,3047.96,0.0,3047.96,226178.25
53,3621.03,565.45,3055.58,0.0,3055.58,223122.67
54,3621.03,557.81,3063.22,0.0,3063.22,220059.45
55,3621.03,550.15,3070.88,0.0,3070.88,216988.57
56,3621.03,542.47,3078.56,0.0,3078.56,213910.01
57,3621.03,534.78,3086.25,0.0,3086.25,210823.76
58,3621.03,527.06,3093.97,0.0,3093.97,207729.79
59,3621.03,519.32,3101.71,0.0,3101.71,204628.08
60,3621.03,511.57,3109.46,0.0,3109.46,201518.62
61,3621.03,503.8,3117.23,0.0,3117.23,198401.39
62,3621.03,496.0,3125.03,0.0,3125.03,195276.36
63,3621.03,488.19,3132.84,0.0,3132.84,192143.52
64,3621.03,480.36,3140.67,0.0,3140.67,189002.85
65,3621.03,472.51,3148.52,0.0,3148.52,185854.33
66,3621.03,464.64,3156.39,0.0,3156.39,182697.94
67,3621.03,456.74,3164.29,0.0,3164.29,179533.65
68,3621.03,448.83,3172.2,0.0,3172.2,176361.45
69,3621.03,440.9,3180.13,0.0,3180.13,173181.32
70,3621.03,432.95,3188.08,0.0,3188.08,169993.24
71,3621.03,424.98,3196.05,0.0,3196.05,166797.19
72,3621.03,416.99,3204.04,0.0,3204.04,163593.15
73,3621.03,408.98,3212.05,0.0,3212.05,160381.1
74,3621.03,400.95,3220.08,0.0,3220.08,157161.02
75,3621.03,392.9,3228.13,0.0,3228.13,153932.89
76,3621.03,384.83,3236.2,0.0,3236.2,150696.69
77,3621.03,376.74,3244.29,0.0,3244.29,147452.4
78,3621.03,368.63,3252.4,0.0,3252.4,144200.0
79,3621.03,360.5,3260.53,0.0,3260.53,140939.47
80,3621.03,352.35,3268.68,0.0,3268.68,137670.79
81,3621.03,344.18,3276.85,0.0,3276.85,134393.94
82,3621.03,335.98,3285.05,0.0,3285.05,131108.89
83,3621.03,327.77,3293.26,0.0,3293.26,127815.63
84,3621.03,319.54,3301.49,0.0,3301.49,124514.14
85,3621.03,311.29,3309.74,0.0,3309.74,121204.4
86,3621.03,303.01,3318.02,0.0,3318.02,117886.38
87,3621.03,294.72,3326.31,0.0,3326.31,114560.07
88,3621.03,286.4,3334.63,0.0,3334.63,111225.44
89,3621.03,278.06,3342.97,0.0,3342.97,107882.47
90,3621.03,269.71,3351.32,0.0,3351.32,104531.15
91,3621.03,261.33,3359.7,0.0,3359.7,101171.45
92,3621.03,252.93,3368.1,0.0,3368.1,97803.35
93,3621.03,244.51,3376.52,0.0,3376.52,94426.83
94,3621.03,236.07,3384.96,0.0,3384.96,91041.87
95,3621.03,227.6,3393.43,0.0,3393.43,87648.44
96,3621.03,219.12,3401.91,0.0,3401.91,84246.53
97,3621.03,210.62,3410.41,0.0,3410.41,80836.12
98,3621.03,202.09,3418.94,0.0,3418.94,77417.18
99,3621.03,193.54,3427.49,0.0,3427.49,73989.69
100,3621.03,184.97,3436.06,0.0,3436.06,70553.63
101,3621.03,176.38,3444.65,0.0,3444.65,67108.98
102,3621.03,167.77,3453.26,0.0,3453.26,63655.72
103,3621.03,159.14,3461.89,0.0,3461.89,60193.83
104,3621.03,150.48,3470.55,0.0,3470.55,56723.28
105,3621.03,141.81,3479.22,0.0,3479.22,53244.06
106,3621.03,133.11,3487.92,0.0,3487.92,49756.14
107,3621.03,124.39,3496.64,0.0,3496.64,46259.5
108,3621.03,115.65,3505.38,0.0,3505.38,42754.12
109,3621.03,106.89,3514.14,0.0,3514.14,39239.98
110,3621.03,98.1,3522.93,0.0,3522.93,35717.05
111,3621.03,89.29,3531.74,0.0,3531.74,32185.31
112,3621.03,80.46,3540.57,0.0,3540.57,28644.74
113,3621.03,71.61,3549.42,0.0,3549.42,25095.32
114,3621.03,62.74,3558.29,0.0,3558.29,21537.03
115,3621.03,53.84,3567.19,0.0,3567.19,17969.84
116,3621.03,44.92,3576.11,0.0,3576.11,14393.73
117,3621.03,35.98,3585.05,0.0,3585.05,10808.68
118,3621.03,27.02,3594.01,0.0,3594.01,7214.67
119,3621.03,18.04,3602.99,0.0,3602.99,3611.68
120,3620.71,9.03,3612.0,0.0,3611.68,0.0
